"","id","randomint","variable","value"
"1",1,72865,"storyEnableComfort",""
"2",2,59382,"storyEnableComfort",""
"3",3,84512,"storyEnableComfort",""
"4",4,78955,"storyEnableComfort",""
"5",5,34674,"storyEnableComfort",""
"6",6,85129,"storyEnableComfort",""
"7",7,87116,"storyEnableComfort",""
"8",8,63825,"storyEnableComfort",""
"9",9,37438,"storyEnableComfort",""
"10",10,60665,"storyEnableComfort",""
"11",11,50359,"storyEnableComfort",""
"12",12,19339,"storyEnableComfort",""
"13",13,73365,"storyEnableComfort",""
"14",14,69196,"storyEnableComfort",""
"15",15,83419,"storyEnableComfort",""
"16",16,62297,"storyEnableComfort",""
"17",17,38470,"storyEnableComfort","5"
"18",18,92776,"storyEnableComfort",""
"19",19,14068,"storyEnableComfort","5"
"20",20,21222,"storyEnableComfort",""
"21",21,75998,"storyEnableComfort",""
"22",22,98471,"storyEnableComfort",""
"23",23,56168,"storyEnableComfort",""
"24",24,58714,"storyEnableComfort",""
"25",25,39504,"storyEnableComfort",""
"26",26,76054,"storyEnableComfort",""
"27",27,78681,"storyEnableComfort",""
"28",28,56990,"storyEnableComfort",""
"29",29,81290,"storyEnableComfort",""
"30",30,21258,"storyEnableComfort",""
"31",31,12312,"storyEnableComfort",""
"32",32,44542,"storyEnableComfort",""
"33",33,90699,"storyEnableComfort",""
"34",34,59438,"storyEnableComfort",""
"35",35,33867,"storyEnableComfort",""
"36",36,63086,"storyEnableComfort",""
"37",37,75256,"storyEnableComfort",""
"38",38,57847,"storyEnableComfort",""
"39",39,38993,"storyEnableComfort",""
"40",40,50102,"storyEnableComfort",""
"41",41,90799,"storyEnableComfort",""
"42",42,41842,"storyEnableComfort",""
"43",43,13508,"storyEnableComfort",""
"44",44,71528,"storyEnableComfort",""
"45",45,56132,"storyEnableComfort",""
"46",46,90655,"storyEnableComfort",""
"47",47,34832,"storyEnableComfort",""
"48",48,30637,"storyEnableComfort",""
"49",49,86341,"storyEnableComfort",""
"50",50,39787,"storyEnableComfort",""
"51",51,50478,"storyEnableComfort",""
"52",52,10786,"storyEnableComfort",""
"53",53,11447,"storyEnableComfort",""
"54",54,43333,"storyEnableComfort",""
"55",55,22032,"storyEnableComfort",""
"56",56,62901,"storyEnableComfort",""
"57",57,98938,"storyEnableComfort",""
"58",58,70447,"storyEnableComfort",""
"59",59,87076,"storyEnableComfort",""
"60",60,70266,"storyEnableComfort",""
"61",61,64274,"storyEnableComfort",""
"62",62,98663,"storyEnableComfort",""
"63",63,16733,"storyEnableComfort",""
"64",64,43543,"storyEnableComfort",""
"65",65,32664,"storyEnableComfort",""
"66",66,30922,"storyEnableComfort",""
"67",67,85694,"storyEnableComfort",""
"68",68,22488,"storyEnableComfort",""
"69",69,89975,"storyEnableComfort",""
"70",70,90728,"storyEnableComfort",""
"71",71,38371,"storyEnableComfort",""
"72",72,96540,"storyEnableComfort",""
"73",73,56980,"storyEnableComfort",""
"74",74,92984,"storyEnableComfort",""
"75",75,94095,"storyEnableComfort",""
"76",76,10624,"storyEnableComfort",""
"77",77,36743,"storyEnableComfort",""
"78",78,76461,"storyEnableComfort",""
"79",79,90890,"storyEnableComfort",""
"80",80,62521,"storyEnableComfort",""
"81",81,48359,"storyEnableComfort",""
"82",82,36848,"storyEnableComfort",""
"83",83,88829,"storyEnableComfort",""
"84",84,98405,"storyEnableComfort",""
"85",85,35983,"storyEnableComfort",""
"86",86,86140,"storyEnableComfort",""
"87",87,52227,"storyEnableComfort",""
"88",88,90787,"storyEnableComfort",""
"89",89,26552,"storyEnableComfort",""
"90",90,46901,"storyEnableComfort",""
"91",91,66826,"storyEnableComfort",""
"92",92,84932,"storyEnableComfort",""
"93",93,45846,"storyEnableComfort",""
"94",94,35955,"storyEnableComfort",""
"95",95,99022,"storyEnableComfort",""
"96",96,44520,"storyEnableComfort",""
"97",97,32790,"storyEnableComfort",""
"98",98,29927,"storyEnableComfort",""
"99",99,59401,"storyEnableComfort",""
"100",100,96255,"storyEnableComfort",""
"101",101,89436,"storyEnableComfort",""
"102",102,49584,"storyEnableComfort","5"
"103",103,23672,"storyEnableComfort",""
"104",104,12966,"storyEnableComfort",""
"105",105,52362,"storyEnableComfort",""
"106",106,76477,"storyEnableComfort","5"
"107",107,46283,"storyEnableComfort","3"
"108",108,64853,"storyEnableComfort",""
"109",109,30193,"storyEnableComfort","5"
"110",110,33310,"storyEnableComfort",""
"111",111,36850,"storyEnableComfort",""
"112",112,95330,"storyEnableComfort","5"
"113",113,23172,"storyEnableComfort",""
"114",114,47486,"storyEnableComfort",""
"115",115,98648,"storyEnableComfort",""
"116",116,11896,"storyEnableComfort","5"
"117",117,10594,"storyEnableComfort","3"
"118",118,18881,"storyEnableComfort",""
"119",119,15925,"storyEnableComfort",""
"120",120,29081,"storyEnableComfort",""
"121",121,96908,"storyEnableComfort","5"
"122",122,72365,"storyEnableComfort",""
"123",123,25293,"storyEnableComfort",""
"124",124,10549,"storyEnableComfort",""
"125",125,51229,"storyEnableComfort","5"
"126",126,57313,"storyEnableComfort",""
"127",127,63420,"storyEnableComfort",""
"128",128,22183,"storyEnableComfort",""
"129",129,19794,"storyEnableComfort",""
"130",130,14122,"storyEnableComfort",""
"131",131,42216,"storyEnableComfort",""
"132",132,81996,"storyEnableComfort","2"
"133",133,98539,"storyEnableComfort",""
"134",134,76754,"storyEnableComfort",""
"135",135,39544,"storyEnableComfort",""
"136",136,33691,"storyEnableComfort",""
"137",137,85157,"storyEnableComfort",""
"138",138,92673,"storyEnableComfort","5"
"139",139,54323,"storyEnableComfort",""
"140",140,91008,"storyEnableComfort","5"
"141",141,14500,"storyEnableComfort",""
"142",142,31242,"storyEnableComfort",""
"143",143,78565,"storyEnableComfort",""
"144",145,42555,"storyEnableComfort",""
"145",146,33410,"storyEnableComfort",""
"146",147,16976,"storyEnableComfort",""
"147",148,23706,"storyEnableComfort",""
"148",149,14361,"storyEnableComfort",""
"149",150,24987,"storyEnableComfort",""
"150",151,87000,"storyEnableComfort",""
"151",152,70644,"storyEnableComfort","5"
"152",153,61638,"storyEnableComfort",""
"153",154,96557,"storyEnableComfort",""
"154",155,12386,"storyEnableComfort",""
"155",156,84685,"storyEnableComfort",""
"156",157,18884,"storyEnableComfort",""
"157",158,74101,"storyEnableComfort",""
"158",159,66928,"storyEnableComfort",""
"159",160,68639,"storyEnableComfort",""
"160",161,27680,"storyEnableComfort",""
"161",162,69738,"storyEnableComfort",""
"162",163,94397,"storyEnableComfort",""
"163",164,83527,"storyEnableComfort",""
"164",165,73931,"storyEnableComfort",""
"165",166,86777,"storyEnableComfort",""
"166",167,95072,"storyEnableComfort","5"
"167",168,66914,"storyEnableComfort",""
"168",169,37706,"storyEnableComfort","5"
"169",170,27081,"storyEnableComfort","2"
"170",171,15759,"storyEnableComfort","3"
"171",172,82530,"storyEnableComfort",""
"172",173,65340,"storyEnableComfort",""
"173",174,25227,"storyEnableComfort",""
"174",175,72568,"storyEnableComfort",""
"175",176,87973,"storyEnableComfort","5"
"176",177,29674,"storyEnableComfort","5"
"177",178,37488,"storyEnableComfort",""
"178",179,12311,"storyEnableComfort","3"
"179",180,69936,"storyEnableComfort",""
"180",181,17852,"storyEnableComfort",""
"181",182,18163,"storyEnableComfort",""
"182",183,41402,"storyEnableComfort","3"
"183",184,74978,"storyEnableComfort","3"
"184",185,98138,"storyEnableComfort",""
"185",186,71890,"storyEnableComfort",""
"186",187,55070,"storyEnableComfort",""
"187",188,37803,"storyEnableComfort",""
"188",189,41188,"storyEnableComfort",""
"189",190,79771,"storyEnableComfort",""
"190",191,37720,"storyEnableComfort","3"
"191",192,71328,"storyEnableComfort","2"
"192",193,65146,"storyEnableComfort",""
"193",194,58982,"storyEnableComfort",""
"194",195,72489,"storyEnableComfort",""
"195",196,44333,"storyEnableComfort",""
"196",197,37553,"storyEnableComfort",""
"197",198,84117,"storyEnableComfort",""
"198",199,89691,"storyEnableComfort",""
"199",200,52757,"storyEnableComfort",""
"200",201,99400,"storyEnableComfort",""
"201",202,16888,"storyEnableComfort",""
"202",203,50970,"storyEnableComfort",""
"203",204,87492,"storyEnableComfort",""
"204",205,36966,"storyEnableComfort",""
"205",206,64440,"storyEnableComfort",""
"206",207,90764,"storyEnableComfort",""
"207",208,11719,"storyEnableComfort",""
"208",209,28230,"storyEnableComfort",""
"209",210,73757,"storyEnableComfort","3"
"210",211,22948,"storyEnableComfort",""
"211",212,45895,"storyEnableComfort",""
"212",213,45257,"storyEnableComfort",""
"213",214,49331,"storyEnableComfort","5"
"214",215,12323,"storyEnableComfort","5"
"215",216,98499,"storyEnableComfort",""
"216",217,13096,"storyEnableComfort",""
"217",218,71705,"storyEnableComfort",""
"218",219,99812,"storyEnableComfort","5"
"219",220,86304,"storyEnableComfort",""
"220",221,57599,"storyEnableComfort",""
"221",222,17730,"storyEnableComfort",""
"222",223,47702,"storyEnableComfort",""
"223",224,52304,"storyEnableComfort",""
"224",225,93539,"storyEnableComfort","5"
"225",226,25088,"storyEnableComfort",""
"226",227,24815,"storyEnableComfort","3"
"227",228,14600,"storyEnableComfort",""
"228",229,71392,"storyEnableComfort",""
"229",230,34758,"storyEnableComfort",""
"230",231,27932,"storyEnableComfort",""
"231",232,37041,"storyEnableComfort",""
"232",233,34113,"storyEnableComfort",""
"233",234,13257,"storyEnableComfort",""
"234",235,71825,"storyEnableComfort","2"
"235",236,16707,"storyEnableComfort",""
"236",237,32689,"storyEnableComfort",""
"237",238,89375,"storyEnableComfort",""
"238",239,42764,"storyEnableComfort",""
"239",240,85316,"storyEnableComfort",""
"240",241,41468,"storyEnableComfort","5"
"241",242,18957,"storyEnableComfort",""
"242",243,36881,"storyEnableComfort",""
"243",244,93058,"storyEnableComfort",""
"244",245,28273,"storyEnableComfort",""
"245",246,91257,"storyEnableComfort","5"
"246",247,49441,"storyEnableComfort",""
"247",248,50375,"storyEnableComfort",""
"248",249,50502,"storyEnableComfort",""
"249",250,60029,"storyEnableComfort",""
"250",251,63822,"storyEnableComfort","2"
"251",252,12509,"storyEnableComfort",""
"252",253,48528,"storyEnableComfort",""
"253",254,29362,"storyEnableComfort","2"
"254",255,93529,"storyEnableComfort",""
"255",256,27953,"storyEnableComfort",""
"256",257,54123,"storyEnableComfort",""
"257",258,78275,"storyEnableComfort","5"
"258",259,51938,"storyEnableComfort","5"
"259",260,36851,"storyEnableComfort",""
"260",261,14201,"storyEnableComfort","5"
"261",262,19010,"storyEnableComfort",""
"262",263,85600,"storyEnableComfort",""
"263",264,40205,"storyEnableComfort","5"
"264",265,46894,"storyEnableComfort",""
"265",266,63985,"storyEnableComfort",""
"266",267,44456,"storyEnableComfort",""
"267",268,15619,"storyEnableComfort","5"
"268",269,85032,"storyEnableComfort",""
"269",270,16005,"storyEnableComfort",""
"270",271,13835,"storyEnableComfort",""
"271",272,10389,"storyEnableComfort",""
"272",273,47726,"storyEnableComfort",""
"273",274,53099,"storyEnableComfort",""
"274",275,86824,"storyEnableComfort","3"
"275",276,73421,"storyEnableComfort",""
"276",277,35245,"storyEnableComfort",""
"277",278,55661,"storyEnableComfort",""
"278",279,20375,"storyEnableComfort","3"
"279",280,10680,"storyEnableComfort",""
"280",281,91746,"storyEnableComfort",""
"281",282,76987,"storyEnableComfort","5"
"282",283,38587,"storyEnableComfort","3"
"283",284,39153,"storyEnableComfort",""
"284",285,41877,"storyEnableComfort","5"
"285",286,40634,"storyEnableComfort",""
"286",287,37690,"storyEnableComfort",""
"287",288,88060,"storyEnableComfort",""
"288",289,72263,"storyEnableComfort",""
"289",290,16483,"storyEnableComfort",""
"290",291,57244,"storyEnableComfort",""
"291",292,51170,"storyEnableComfort",""
"292",293,52377,"storyEnableComfort",""
"293",294,90090,"storyEnableComfort",""
"294",295,79109,"storyEnableComfort",""
"295",296,68864,"storyEnableComfort","5"
"296",297,84487,"storyEnableComfort",""
"297",298,55057,"storyEnableComfort",""
"298",299,47724,"storyEnableComfort",""
"299",300,71012,"storyEnableComfort",""
"300",301,79002,"storyEnableComfort",""
"301",302,17957,"storyEnableComfort",""
"302",303,43479,"storyEnableComfort","5"
"303",304,59133,"storyEnableComfort",""
"304",305,24375,"storyEnableComfort",""
"305",306,41352,"storyEnableComfort","3"
"306",308,13673,"storyEnableComfort","3"
"307",309,70411,"storyEnableComfort","2"
"308",1,72865,"storyUninstallComfort",""
"309",2,59382,"storyUninstallComfort",""
"310",3,84512,"storyUninstallComfort",""
"311",4,78955,"storyUninstallComfort",""
"312",5,34674,"storyUninstallComfort",""
"313",6,85129,"storyUninstallComfort",""
"314",7,87116,"storyUninstallComfort",""
"315",8,63825,"storyUninstallComfort",""
"316",9,37438,"storyUninstallComfort",""
"317",10,60665,"storyUninstallComfort",""
"318",11,50359,"storyUninstallComfort",""
"319",12,19339,"storyUninstallComfort",""
"320",13,73365,"storyUninstallComfort",""
"321",14,69196,"storyUninstallComfort",""
"322",15,83419,"storyUninstallComfort",""
"323",16,62297,"storyUninstallComfort",""
"324",17,38470,"storyUninstallComfort",""
"325",18,92776,"storyUninstallComfort",""
"326",19,14068,"storyUninstallComfort",""
"327",20,21222,"storyUninstallComfort",""
"328",21,75998,"storyUninstallComfort",""
"329",22,98471,"storyUninstallComfort",""
"330",23,56168,"storyUninstallComfort",""
"331",24,58714,"storyUninstallComfort",""
"332",25,39504,"storyUninstallComfort",""
"333",26,76054,"storyUninstallComfort",""
"334",27,78681,"storyUninstallComfort",""
"335",28,56990,"storyUninstallComfort",""
"336",29,81290,"storyUninstallComfort",""
"337",30,21258,"storyUninstallComfort",""
"338",31,12312,"storyUninstallComfort",""
"339",32,44542,"storyUninstallComfort",""
"340",33,90699,"storyUninstallComfort",""
"341",34,59438,"storyUninstallComfort",""
"342",35,33867,"storyUninstallComfort",""
"343",36,63086,"storyUninstallComfort",""
"344",37,75256,"storyUninstallComfort",""
"345",38,57847,"storyUninstallComfort",""
"346",39,38993,"storyUninstallComfort",""
"347",40,50102,"storyUninstallComfort",""
"348",41,90799,"storyUninstallComfort",""
"349",42,41842,"storyUninstallComfort",""
"350",43,13508,"storyUninstallComfort",""
"351",44,71528,"storyUninstallComfort",""
"352",45,56132,"storyUninstallComfort",""
"353",46,90655,"storyUninstallComfort",""
"354",47,34832,"storyUninstallComfort",""
"355",48,30637,"storyUninstallComfort",""
"356",49,86341,"storyUninstallComfort",""
"357",50,39787,"storyUninstallComfort",""
"358",51,50478,"storyUninstallComfort",""
"359",52,10786,"storyUninstallComfort",""
"360",53,11447,"storyUninstallComfort",""
"361",54,43333,"storyUninstallComfort",""
"362",55,22032,"storyUninstallComfort",""
"363",56,62901,"storyUninstallComfort",""
"364",57,98938,"storyUninstallComfort",""
"365",58,70447,"storyUninstallComfort",""
"366",59,87076,"storyUninstallComfort",""
"367",60,70266,"storyUninstallComfort",""
"368",61,64274,"storyUninstallComfort",""
"369",62,98663,"storyUninstallComfort",""
"370",63,16733,"storyUninstallComfort",""
"371",64,43543,"storyUninstallComfort",""
"372",65,32664,"storyUninstallComfort",""
"373",66,30922,"storyUninstallComfort",""
"374",67,85694,"storyUninstallComfort",""
"375",68,22488,"storyUninstallComfort",""
"376",69,89975,"storyUninstallComfort",""
"377",70,90728,"storyUninstallComfort",""
"378",71,38371,"storyUninstallComfort",""
"379",72,96540,"storyUninstallComfort",""
"380",73,56980,"storyUninstallComfort",""
"381",74,92984,"storyUninstallComfort",""
"382",75,94095,"storyUninstallComfort",""
"383",76,10624,"storyUninstallComfort",""
"384",77,36743,"storyUninstallComfort",""
"385",78,76461,"storyUninstallComfort",""
"386",79,90890,"storyUninstallComfort",""
"387",80,62521,"storyUninstallComfort",""
"388",81,48359,"storyUninstallComfort",""
"389",82,36848,"storyUninstallComfort",""
"390",83,88829,"storyUninstallComfort",""
"391",84,98405,"storyUninstallComfort",""
"392",85,35983,"storyUninstallComfort",""
"393",86,86140,"storyUninstallComfort",""
"394",87,52227,"storyUninstallComfort",""
"395",88,90787,"storyUninstallComfort",""
"396",89,26552,"storyUninstallComfort",""
"397",90,46901,"storyUninstallComfort",""
"398",91,66826,"storyUninstallComfort",""
"399",92,84932,"storyUninstallComfort",""
"400",93,45846,"storyUninstallComfort",""
"401",94,35955,"storyUninstallComfort",""
"402",95,99022,"storyUninstallComfort",""
"403",96,44520,"storyUninstallComfort",""
"404",97,32790,"storyUninstallComfort",""
"405",98,29927,"storyUninstallComfort",""
"406",99,59401,"storyUninstallComfort",""
"407",100,96255,"storyUninstallComfort",""
"408",101,89436,"storyUninstallComfort",""
"409",102,49584,"storyUninstallComfort",""
"410",103,23672,"storyUninstallComfort",""
"411",104,12966,"storyUninstallComfort","5"
"412",105,52362,"storyUninstallComfort",""
"413",106,76477,"storyUninstallComfort",""
"414",107,46283,"storyUninstallComfort",""
"415",108,64853,"storyUninstallComfort",""
"416",109,30193,"storyUninstallComfort",""
"417",110,33310,"storyUninstallComfort",""
"418",111,36850,"storyUninstallComfort",""
"419",112,95330,"storyUninstallComfort",""
"420",113,23172,"storyUninstallComfort",""
"421",114,47486,"storyUninstallComfort",""
"422",115,98648,"storyUninstallComfort","5"
"423",116,11896,"storyUninstallComfort",""
"424",117,10594,"storyUninstallComfort",""
"425",118,18881,"storyUninstallComfort",""
"426",119,15925,"storyUninstallComfort",""
"427",120,29081,"storyUninstallComfort",""
"428",121,96908,"storyUninstallComfort",""
"429",122,72365,"storyUninstallComfort",""
"430",123,25293,"storyUninstallComfort",""
"431",124,10549,"storyUninstallComfort",""
"432",125,51229,"storyUninstallComfort",""
"433",126,57313,"storyUninstallComfort",""
"434",127,63420,"storyUninstallComfort","2"
"435",128,22183,"storyUninstallComfort",""
"436",129,19794,"storyUninstallComfort",""
"437",130,14122,"storyUninstallComfort",""
"438",131,42216,"storyUninstallComfort",""
"439",132,81996,"storyUninstallComfort",""
"440",133,98539,"storyUninstallComfort",""
"441",134,76754,"storyUninstallComfort",""
"442",135,39544,"storyUninstallComfort",""
"443",136,33691,"storyUninstallComfort","5"
"444",137,85157,"storyUninstallComfort","5"
"445",138,92673,"storyUninstallComfort",""
"446",139,54323,"storyUninstallComfort",""
"447",140,91008,"storyUninstallComfort",""
"448",141,14500,"storyUninstallComfort",""
"449",142,31242,"storyUninstallComfort",""
"450",143,78565,"storyUninstallComfort",""
"451",145,42555,"storyUninstallComfort",""
"452",146,33410,"storyUninstallComfort",""
"453",147,16976,"storyUninstallComfort","5"
"454",148,23706,"storyUninstallComfort",""
"455",149,14361,"storyUninstallComfort",""
"456",150,24987,"storyUninstallComfort",""
"457",151,87000,"storyUninstallComfort",""
"458",152,70644,"storyUninstallComfort",""
"459",153,61638,"storyUninstallComfort",""
"460",154,96557,"storyUninstallComfort",""
"461",155,12386,"storyUninstallComfort",""
"462",156,84685,"storyUninstallComfort",""
"463",157,18884,"storyUninstallComfort",""
"464",158,74101,"storyUninstallComfort",""
"465",159,66928,"storyUninstallComfort",""
"466",160,68639,"storyUninstallComfort",""
"467",161,27680,"storyUninstallComfort",""
"468",162,69738,"storyUninstallComfort",""
"469",163,94397,"storyUninstallComfort",""
"470",164,83527,"storyUninstallComfort",""
"471",165,73931,"storyUninstallComfort","5"
"472",166,86777,"storyUninstallComfort",""
"473",167,95072,"storyUninstallComfort",""
"474",168,66914,"storyUninstallComfort","5"
"475",169,37706,"storyUninstallComfort",""
"476",170,27081,"storyUninstallComfort",""
"477",171,15759,"storyUninstallComfort",""
"478",172,82530,"storyUninstallComfort","5"
"479",173,65340,"storyUninstallComfort",""
"480",174,25227,"storyUninstallComfort","5"
"481",175,72568,"storyUninstallComfort","5"
"482",176,87973,"storyUninstallComfort",""
"483",177,29674,"storyUninstallComfort",""
"484",178,37488,"storyUninstallComfort",""
"485",179,12311,"storyUninstallComfort",""
"486",180,69936,"storyUninstallComfort",""
"487",181,17852,"storyUninstallComfort","5"
"488",182,18163,"storyUninstallComfort","5"
"489",183,41402,"storyUninstallComfort",""
"490",184,74978,"storyUninstallComfort",""
"491",185,98138,"storyUninstallComfort",""
"492",186,71890,"storyUninstallComfort",""
"493",187,55070,"storyUninstallComfort",""
"494",188,37803,"storyUninstallComfort","5"
"495",189,41188,"storyUninstallComfort","5"
"496",190,79771,"storyUninstallComfort",""
"497",191,37720,"storyUninstallComfort",""
"498",192,71328,"storyUninstallComfort",""
"499",193,65146,"storyUninstallComfort",""
"500",194,58982,"storyUninstallComfort",""
"501",195,72489,"storyUninstallComfort",""
"502",196,44333,"storyUninstallComfort",""
"503",197,37553,"storyUninstallComfort",""
"504",198,84117,"storyUninstallComfort","5"
"505",199,89691,"storyUninstallComfort",""
"506",200,52757,"storyUninstallComfort",""
"507",201,99400,"storyUninstallComfort",""
"508",202,16888,"storyUninstallComfort",""
"509",203,50970,"storyUninstallComfort",""
"510",204,87492,"storyUninstallComfort",""
"511",205,36966,"storyUninstallComfort",""
"512",206,64440,"storyUninstallComfort",""
"513",207,90764,"storyUninstallComfort",""
"514",208,11719,"storyUninstallComfort",""
"515",209,28230,"storyUninstallComfort","3"
"516",210,73757,"storyUninstallComfort",""
"517",211,22948,"storyUninstallComfort",""
"518",212,45895,"storyUninstallComfort",""
"519",213,45257,"storyUninstallComfort","5"
"520",214,49331,"storyUninstallComfort",""
"521",215,12323,"storyUninstallComfort",""
"522",216,98499,"storyUninstallComfort",""
"523",217,13096,"storyUninstallComfort",""
"524",218,71705,"storyUninstallComfort",""
"525",219,99812,"storyUninstallComfort",""
"526",220,86304,"storyUninstallComfort",""
"527",221,57599,"storyUninstallComfort",""
"528",222,17730,"storyUninstallComfort",""
"529",223,47702,"storyUninstallComfort",""
"530",224,52304,"storyUninstallComfort",""
"531",225,93539,"storyUninstallComfort",""
"532",226,25088,"storyUninstallComfort","5"
"533",227,24815,"storyUninstallComfort",""
"534",228,14600,"storyUninstallComfort",""
"535",229,71392,"storyUninstallComfort","5"
"536",230,34758,"storyUninstallComfort",""
"537",231,27932,"storyUninstallComfort",""
"538",232,37041,"storyUninstallComfort",""
"539",233,34113,"storyUninstallComfort","5"
"540",234,13257,"storyUninstallComfort","5"
"541",235,71825,"storyUninstallComfort",""
"542",236,16707,"storyUninstallComfort","5"
"543",237,32689,"storyUninstallComfort",""
"544",238,89375,"storyUninstallComfort",""
"545",239,42764,"storyUninstallComfort",""
"546",240,85316,"storyUninstallComfort",""
"547",241,41468,"storyUninstallComfort",""
"548",242,18957,"storyUninstallComfort",""
"549",243,36881,"storyUninstallComfort",""
"550",244,93058,"storyUninstallComfort",""
"551",245,28273,"storyUninstallComfort",""
"552",246,91257,"storyUninstallComfort",""
"553",247,49441,"storyUninstallComfort",""
"554",248,50375,"storyUninstallComfort",""
"555",249,50502,"storyUninstallComfort",""
"556",250,60029,"storyUninstallComfort",""
"557",251,63822,"storyUninstallComfort",""
"558",252,12509,"storyUninstallComfort",""
"559",253,48528,"storyUninstallComfort",""
"560",254,29362,"storyUninstallComfort",""
"561",255,93529,"storyUninstallComfort",""
"562",256,27953,"storyUninstallComfort",""
"563",257,54123,"storyUninstallComfort","2"
"564",258,78275,"storyUninstallComfort",""
"565",259,51938,"storyUninstallComfort",""
"566",260,36851,"storyUninstallComfort",""
"567",261,14201,"storyUninstallComfort",""
"568",262,19010,"storyUninstallComfort",""
"569",263,85600,"storyUninstallComfort","5"
"570",264,40205,"storyUninstallComfort",""
"571",265,46894,"storyUninstallComfort","5"
"572",266,63985,"storyUninstallComfort",""
"573",267,44456,"storyUninstallComfort","5"
"574",268,15619,"storyUninstallComfort",""
"575",269,85032,"storyUninstallComfort",""
"576",270,16005,"storyUninstallComfort","5"
"577",271,13835,"storyUninstallComfort",""
"578",272,10389,"storyUninstallComfort",""
"579",273,47726,"storyUninstallComfort","5"
"580",274,53099,"storyUninstallComfort",""
"581",275,86824,"storyUninstallComfort",""
"582",276,73421,"storyUninstallComfort",""
"583",277,35245,"storyUninstallComfort",""
"584",278,55661,"storyUninstallComfort",""
"585",279,20375,"storyUninstallComfort",""
"586",280,10680,"storyUninstallComfort","5"
"587",281,91746,"storyUninstallComfort",""
"588",282,76987,"storyUninstallComfort",""
"589",283,38587,"storyUninstallComfort",""
"590",284,39153,"storyUninstallComfort",""
"591",285,41877,"storyUninstallComfort",""
"592",286,40634,"storyUninstallComfort",""
"593",287,37690,"storyUninstallComfort",""
"594",288,88060,"storyUninstallComfort","5"
"595",289,72263,"storyUninstallComfort",""
"596",290,16483,"storyUninstallComfort",""
"597",291,57244,"storyUninstallComfort",""
"598",292,51170,"storyUninstallComfort",""
"599",293,52377,"storyUninstallComfort","5"
"600",294,90090,"storyUninstallComfort",""
"601",295,79109,"storyUninstallComfort","5"
"602",296,68864,"storyUninstallComfort",""
"603",297,84487,"storyUninstallComfort",""
"604",298,55057,"storyUninstallComfort","5"
"605",299,47724,"storyUninstallComfort",""
"606",300,71012,"storyUninstallComfort","5"
"607",301,79002,"storyUninstallComfort",""
"608",302,17957,"storyUninstallComfort",""
"609",303,43479,"storyUninstallComfort",""
"610",304,59133,"storyUninstallComfort",""
"611",305,24375,"storyUninstallComfort",""
"612",306,41352,"storyUninstallComfort",""
"613",308,13673,"storyUninstallComfort",""
"614",309,70411,"storyUninstallComfort",""
